date,temp_max,temp_min,temp_mean,rainfall,wind_speed,humidity,pressure,cloud_cover,temp_mean_lag1,rainfall_lag1,temp_rolling_3,rainfall_rolling_3,target_temp_t1,target_rainfall_t1,target_rain_event_t1
2025-05-28,38.2,25.5,31.7,0.0,19.1,49,970.5,33,31.5,0.0,32.06666666666667,0.0,31.4,0.0,0
2025-05-29,36.8,26.1,31.4,0.0,16.8,48,971.4,89,31.7,0.0,31.53333333333333,0.0,31.7,0.0,0
2025-05-30,38.4,25.8,31.7,0.0,15.9,47,970.6,48,31.4,0.0,31.599999999999998,0.0,32.6,0.0,0
2025-05-31,39.5,26.5,32.6,0.0,18.2,46,968.8,23,31.7,0.0,31.899999999999995,0.0,31.7,0.1,1
2025-06-01,38.2,26.8,31.7,0.1,18.6,51,968.7,27,32.6,0.0,32.0,0.03333333333333333,30.1,13.2,1
2025-06-02,36.8,23.6,30.1,13.2,18.2,56,971.0,28,31.7,0.1,31.46666666666667,4.433333333333333,24.2,7.3,1
2025-06-03,26.8,22.2,24.2,7.3,11.2,85,972.6,95,30.1,13.2,28.666666666666668,6.866666666666666,28.5,0.1,1
2025-06-04,34.7,23.5,28.5,0.1,15.9,58,971.5,65,24.2,7.3,27.599999999999998,6.866666666666666,31.6,0.0,0
2025-06-05,38.8,25.1,31.6,0.0,18.1,41,970.1,32,28.5,0.1,28.100000000000005,2.4666666666666663,31.0,0.0,0
2025-06-06,39.1,23.8,31.0,0.0,19.0,39,969.1,5,31.6,0.0,30.366666666666664,0.03333333333333333,31.0,0.0,0
2025-06-07,37.0,25.1,31.0,0.0,17.7,51,969.8,23,31.0,0.0,31.2,0.0,30.9,0.1,1
2025-06-08,37.0,25.4,30.9,0.1,12.5,49,970.6,26,31.0,0.0,30.96666666666667,0.03333333333333333,30.1,3.9,1
2025-06-09,38.3,24.9,30.1,3.9,18.5,52,970.3,64,30.9,0.1,30.666666666666668,1.3333333333333333,31.4,0.0,0
2025-06-10,37.3,26.2,31.4,0.0,13.5,46,969.2,88,30.1,3.9,30.8,1.3333333333333333,32.3,0.0,0
2025-06-11,38.8,25.6,32.3,0.0,15.8,39,967.7,35,31.4,0.0,31.266666666666666,1.3,31.9,0.0,0
2025-06-12,38.3,26.2,31.9,0.0,22.1,46,967.9,54,32.3,0.0,31.866666666666664,0.0,31.3,0.0,0
2025-06-13,37.5,26.0,31.3,0.0,18.0,44,968.9,80,31.9,0.0,31.83333333333333,0.0,31.4,1.1,1
2025-06-14,37.7,26.9,31.4,1.1,17.6,49,969.9,87,31.3,0.0,31.53333333333333,0.3666666666666667,30.0,1.7,1
2025-06-15,35.5,25.4,30.0,1.7,20.8,55,970.6,72,31.4,1.1,30.900000000000002,0.9333333333333332,31.0,0.0,0
2025-06-16,37.2,25.8,31.0,0.0,23.0,51,969.9,86,30.0,1.7,30.8,0.9333333333333332,30.3,0.0,0
2025-06-17,36.5,25.0,30.3,0.0,23.3,54,970.4,66,31.0,0.0,30.433333333333334,0.5666666666666667,29.2,0.0,0
2025-06-18,35.8,25.5,29.2,0.0,21.2,55,971.1,66,30.3,0.0,30.166666666666668,0.0,30.7,0.0,0
2025-06-19,36.5,25.4,30.7,0.0,16.1,52,970.6,33,29.2,0.0,30.066666666666663,0.0,31.0,0.0,0
2025-06-20,36.8,26.8,31.0,0.0,17.0,52,970.5,24,30.7,0.0,30.3,0.0,30.7,0.0,0
2025-06-21,36.5,25.4,30.7,0.0,15.8,50,969.9,32,31.0,0.0,30.799999999999997,0.0,31.1,0.0,0
2025-06-22,36.8,25.4,31.1,0.0,18.6,50,969.6,8,30.7,0.0,30.933333333333334,0.0,30.6,0.0,0
2025-06-23,36.3,26.0,30.6,0.0,17.0,52,969.2,50,31.1,0.0,30.8,0.0,30.3,0.0,0
2025-06-24,35.7,24.8,30.3,0.0,14.5,54,968.8,29,30.6,0.0,30.666666666666668,0.0,30.2,0.4,1
2025-06-25,37.0,25.5,30.2,0.4,23.6,57,969.3,36,30.3,0.0,30.36666666666667,0.13333333333333333,30.1,0.0,0
2025-06-26,36.2,25.0,30.1,0.0,18.8,56,969.2,80,30.2,0.4,30.2,0.13333333333333333,31.1,0.3,1
2025-06-27,36.2,26.5,31.1,0.3,19.5,53,969.7,52,30.1,0.0,30.46666666666667,0.2333333333333333,30.1,8.9,1
2025-06-28,36.5,24.1,30.1,8.9,20.9,58,969.3,47,31.1,0.3,30.433333333333334,3.066666666666667,28.8,0.2,1
2025-06-29,35.8,24.5,28.8,0.2,23.2,63,968.3,81,30.1,8.9,30.0,3.1333333333333333,28.0,0.0,0
2025-06-30,32.5,24.5,28.0,0.0,21.6,66,968.8,99,28.8,0.2,28.96666666666667,3.033333333333333,26.2,12.6,1
2025-07-01,31.0,23.0,26.2,12.6,16.9,73,970.7,90,28.0,0.0,27.666666666666668,4.266666666666667,27.9,0.1,1
2025-07-02,32.6,23.6,27.9,0.1,10.9,60,970.9,79,26.2,12.6,27.366666666666664,4.233333333333333,28.3,0.7,1
2025-07-03,34.6,25.0,28.3,0.7,16.1,64,970.3,82,27.9,0.1,27.46666666666667,4.466666666666667,27.1,0.2,1
2025-07-04,31.1,24.4,27.1,0.2,16.4,71,971.2,97,28.3,0.7,27.766666666666666,0.3333333333333333,27.6,0.8,1
2025-07-05,31.5,24.2,27.6,0.8,15.2,68,971.2,86,27.1,0.2,27.666666666666668,0.5666666666666668,27.1,1.9,1
2025-07-06,31.7,22.8,27.1,1.9,15.7,73,971.0,62,27.6,0.8,27.26666666666667,0.9666666666666668,27.0,0.4,1
2025-07-07,31.6,24.1,27.0,0.4,12.9,71,971.2,91,27.1,1.9,27.233333333333334,1.0333333333333334,28.4,0.1,1
2025-07-08,33.3,24.5,28.4,0.1,15.9,64,971.3,60,27.0,0.4,27.5,0.8000000000000002,28.8,0.0,0
2025-07-09,33.2,25.1,28.8,0.0,18.4,63,971.2,50,28.4,0.1,28.066666666666666,0.16666666666666674,28.9,0.0,0
2025-07-10,33.6,24.8,28.9,0.0,19.8,61,970.8,68,28.8,0.0,28.7,0.03333333333333341,26.6,2.6,1
2025-07-11,32.7,23.6,26.6,2.6,17.6,74,969.7,98,28.9,0.0,28.099999999999998,0.8666666666666668,25.8,5.7,1
2025-07-12,30.7,22.8,25.8,5.7,16.0,78,970.4,81,26.6,2.6,27.100000000000005,2.766666666666667,23.7,11.3,1
2025-07-13,27.0,22.0,23.7,11.3,15.4,89,974.0,100,25.8,5.7,25.366666666666664,6.533333333333334,26.8,0.0,0
2025-07-14,32.2,22.0,26.8,0.0,11.4,72,973.6,71,23.7,11.3,25.433333333333337,5.666666666666667,28.5,0.6,1
2025-07-15,34.0,23.7,28.5,0.6,19.0,63,970.5,56,26.8,0.0,26.333333333333332,3.966666666666667,26.2,6.7,1
2025-07-16,30.4,24.0,26.2,6.7,23.6,77,969.9,95,28.5,0.6,27.166666666666668,2.433333333333333,26.6,0.0,0
2025-07-17,30.3,23.8,26.6,0.0,19.8,72,971.8,73,26.2,6.7,27.099999999999998,2.433333333333333,27.3,0.0,0
2025-07-18,31.8,23.5,27.3,0.0,15.8,69,972.7,97,26.6,0.0,26.7,2.2333333333333334,27.2,1.5,1
2025-07-19,32.1,24.2,27.2,1.5,12.7,74,971.3,81,27.3,0.0,27.03333333333333,0.5,26.8,8.7,1
2025-07-20,32.5,23.6,26.8,8.7,22.0,77,969.7,93,27.2,1.5,27.100000000000005,3.4,27.6,0.1,1
2025-07-21,32.8,23.1,27.6,0.1,16.9,71,969.6,55,26.8,8.7,27.2,3.433333333333333,27.3,9.7,1
2025-07-22,32.0,22.7,27.3,9.7,23.9,72,970.0,91,27.6,0.1,27.233333333333334,6.166666666666667,24.9,11.7,1
2025-07-23,30.1,22.0,24.9,11.7,15.8,84,970.4,99,27.3,9.7,26.599999999999998,7.166666666666667,25.9,7.5,1
2025-07-24,31.4,22.3,25.9,7.5,20.2,78,971.1,94,24.9,11.7,26.03333333333333,9.633333333333333,25.5,21.5,1
2025-07-25,30.2,23.1,25.5,21.5,12.2,83,970.9,86,25.9,7.5,25.433333333333334,13.566666666666668,27.3,0.4,1
2025-07-26,31.5,23.3,27.3,0.4,15.6,72,970.3,64,25.5,21.5,26.23333333333333,9.799999999999999,26.6,3.9,1
2025-07-27,32.0,23.0,26.6,3.9,20.1,78,971.2,89,27.3,0.4,26.46666666666667,8.6,25.5,10.7,1
2025-07-28,30.2,21.9,25.5,10.7,20.2,82,971.6,78,26.6,3.9,26.46666666666667,5.0,27.5,0.2,1
2025-07-29,32.6,23.5,27.5,0.2,17.5,72,970.9,37,25.5,10.7,26.53333333333333,4.933333333333333,25.5,9.0,1
2025-07-30,27.6,23.6,25.5,9.0,13.5,84,971.7,100,27.5,0.2,26.166666666666668,6.633333333333333,24.3,17.8,1
2025-07-31,29.1,21.2,24.3,17.8,17.8,85,972.7,86,25.5,9.0,25.766666666666666,9.0,25.7,0.4,1
2025-08-01,30.0,23.1,25.7,0.4,16.2,78,972.9,79,24.3,17.8,25.166666666666668,9.066666666666666,27.1,5.2,1
2025-08-02,32.0,23.0,27.1,5.2,23.2,71,971.5,91,25.7,0.4,25.7,7.800000000000001,26.4,6.4,1
2025-08-03,32.6,21.9,26.4,6.4,14.2,77,970.2,77,27.1,5.2,26.400000000000002,4.0,26.2,13.7,1
2025-08-04,31.5,22.2,26.2,13.7,18.2,79,971.1,50,26.4,6.4,26.566666666666666,8.433333333333332,25.0,4.0,1
2025-08-05,29.9,22.0,25.0,4.0,19.8,82,972.6,100,26.2,13.7,25.866666666666664,8.033333333333333,26.0,2.3,1
2025-08-06,31.6,22.4,26.0,2.3,10.7,79,970.7,92,25.0,4.0,25.733333333333334,6.666666666666665,25.8,6.0,1
2025-08-07,31.2,22.7,25.8,6.0,12.0,82,968.8,90,26.0,2.3,25.599999999999998,4.099999999999999,26.7,1.9,1
2025-08-08,31.6,22.4,26.7,1.9,11.5,77,969.3,69,25.8,6.0,26.166666666666668,3.399999999999999,25.6,1.8,1
2025-08-09,30.4,22.5,25.6,1.8,21.6,79,970.2,72,26.7,1.9,26.03333333333333,3.2333333333333325,26.7,0.2,1
2025-08-10,31.8,21.5,26.7,0.2,8.1,73,970.1,76,25.6,1.8,26.333333333333332,1.2999999999999994,25.7,9.3,1
2025-08-11,31.6,22.1,25.7,9.3,21.1,81,969.8,88,26.7,0.2,26.0,3.766666666666666,25.7,17.9,1
2025-08-12,30.4,22.2,25.7,17.9,13.4,80,970.1,94,25.7,9.3,26.03333333333333,9.133333333333333,23.3,20.2,1
2025-08-13,24.7,21.7,23.3,20.2,20.1,91,971.5,100,25.7,17.9,24.900000000000002,15.799999999999999,24.6,12.9,1
2025-08-14,29.5,21.4,24.6,12.9,26.6,83,971.9,87,23.3,20.2,24.53333333333333,16.999999999999996,24.5,16.2,1
2025-08-15,28.6,21.6,24.5,16.2,16.5,83,972.0,78,24.6,12.9,24.133333333333336,16.433333333333334,25.6,0.2,1
2025-08-16,30.4,21.5,25.6,0.2,16.3,75,969.9,46,24.5,16.2,24.900000000000002,9.766666666666667,23.8,16.0,1
2025-08-17,27.0,22.1,23.8,16.0,17.2,88,970.2,98,25.6,0.2,24.633333333333336,10.799999999999999,23.9,9.1,1
2025-08-18,28.5,21.8,23.9,9.1,13.5,87,971.6,81,23.8,16.0,24.433333333333334,8.433333333333335,26.0,0.5,1
2025-08-19,30.9,21.6,26.0,0.5,14.9,77,971.0,35,23.9,9.1,24.566666666666666,8.533333333333333,26.6,2.0,1
2025-08-20,30.5,23.6,26.6,2.0,17.2,76,970.4,97,26.0,0.5,25.5,3.8666666666666676,26.5,13.0,1
2025-08-21,31.9,22.9,26.5,13.0,13.8,78,970.0,84,26.6,2.0,26.366666666666664,5.166666666666668,26.1,1.3,1
2025-08-22,31.0,22.2,26.1,1.3,14.6,80,969.7,79,26.5,13.0,26.400000000000002,5.4333333333333345,26.9,0.0,0
2025-08-23,31.1,23.0,26.9,0.0,16.4,71,968.9,59,26.1,1.3,26.5,4.766666666666668,25.4,0.7,1
2025-08-24,27.5,24.0,25.4,0.7,14.8,78,970.3,100,26.9,0.0,26.133333333333336,0.6666666666666679,24.6,9.7,1
2025-08-25,28.2,22.8,24.6,9.7,15.5,85,971.4,100,25.4,0.7,25.633333333333336,3.4666666666666672,24.1,14.3,1
2025-08-26,28.7,21.7,24.1,14.3,16.0,89,971.3,99,24.6,9.7,24.7,8.233333333333334,25.0,2.1,1
2025-08-27,29.0,22.1,25.0,2.1,14.1,83,972.7,79,24.1,14.3,24.566666666666666,8.700000000000001,25.8,4.6,1
2025-08-28,31.5,22.5,25.8,4.6,16.8,81,970.9,82,25.0,2.1,24.96666666666667,7.000000000000001,25.9,16.4,1
2025-08-29,31.3,22.5,25.9,16.4,24.4,84,968.9,96,25.8,4.6,25.566666666666666,7.7,24.5,2.4,1
2025-08-30,27.5,22.1,24.5,2.4,14.1,85,970.9,86,25.9,16.4,25.400000000000002,7.8,23.9,6.5,1
2025-08-31,27.3,21.6,23.9,6.5,10.1,88,972.3,84,24.5,2.4,24.766666666666666,8.433333333333335,25.9,1.7,1
2025-09-01,30.8,21.6,25.9,1.7,11.4,79,971.2,53,23.9,6.5,24.766666666666666,3.5333333333333345,23.8,20.9,1
2025-09-02,27.5,22.5,23.8,20.9,11.5,92,970.2,100,25.9,1.7,24.53333333333333,9.700000000000001,24.7,0.4,1
2025-09-03,29.8,20.7,24.7,0.4,12.3,84,970.4,75,23.8,20.9,24.8,7.666666666666667,23.4,15.4,1
2025-09-04,28.0,20.8,23.4,15.4,13.3,91,971.0,100,24.7,0.4,23.966666666666665,12.233333333333334,25.3,1.7,1
2025-09-05,29.7,21.6,25.3,1.7,12.1,82,970.5,86,23.4,15.4,24.46666666666667,5.833333333333335,26.0,0.0,0
2025-09-06,31.0,21.3,26.0,0.0,12.8,80,970.9,50,25.3,1.7,24.899999999999995,5.700000000000002,27.3,7.1,1
2025-09-07,32.2,22.8,27.3,7.1,19.2,76,970.7,65,26.0,0.0,26.200000000000003,2.933333333333335,26.4,27.5,1
2025-09-08,32.3,22.9,26.4,27.5,17.5,80,969.6,94,27.3,7.1,26.566666666666666,11.533333333333333,25.0,5.0,1
2025-09-09,29.7,21.9,25.0,5.0,19.3,84,971.4,91,26.4,27.5,26.233333333333334,13.200000000000003,25.2,5.5,1
2025-09-10,29.0,22.2,25.2,5.5,9.4,82,972.4,95,25.0,5.0,25.53333333333333,12.666666666666666,26.5,8.4,1
2025-09-11,31.0,22.8,26.5,8.4,10.1,78,972.0,72,25.2,5.5,25.566666666666663,6.300000000000002,27.3,0.0,0
2025-09-12,32.8,22.5,27.3,0.0,10.1,75,970.0,79,26.5,8.4,26.333333333333332,4.633333333333335,26.7,0.0,0
2025-09-13,31.2,22.8,26.7,0.0,15.4,71,971.6,63,27.3,0.0,26.833333333333332,2.800000000000001,27.3,0.0,0
2025-09-14,33.2,22.1,27.3,0.0,9.9,64,970.6,53,26.7,0.0,27.099999999999998,0.0,26.9,0.3,1
2025-09-15,31.5,22.4,26.9,0.3,12.6,74,969.3,80,27.3,0.0,26.96666666666667,0.10000000000000119,26.8,0.4,1
2025-09-16,31.2,23.2,26.8,0.4,16.7,76,970.5,97,26.9,0.3,27.0,0.2333333333333345,27.3,0.0,0
2025-09-17,33.2,22.4,27.3,0.0,11.7,72,970.0,45,26.8,0.4,27.0,0.2333333333333345,28.8,0.0,0
2025-09-18,34.4,24.0,28.8,0.0,9.4,66,968.9,29,27.3,0.0,27.633333333333336,0.13333333333333452,28.7,0.0,0
2025-09-19,34.8,23.7,28.7,0.0,21.8,69,968.9,15,28.8,0.0,28.266666666666666,0.0,27.6,12.3,1
2025-09-20,34.0,23.5,27.6,12.3,17.8,71,969.8,75,28.7,0.0,28.36666666666667,4.100000000000001,27.3,0.0,0
2025-09-21,33.4,21.1,27.3,0.0,12.9,70,969.5,50,27.6,12.3,27.866666666666664,4.100000000000001,28.4,0.0,0
2025-09-22,34.2,23.2,28.4,0.0,18.3,66,969.2,71,27.3,0.0,27.766666666666666,4.100000000000001,26.5,0.1,1
2025-09-23,31.2,23.8,26.5,0.1,14.7,69,970.7,81,28.4,0.0,27.400000000000002,0.03333333333333452,27.3,0.0,0
2025-09-24,31.2,24.3,27.3,0.0,11.6,70,972.0,62,26.5,0.1,27.400000000000002,0.03333333333333452,25.7,4.9,1
2025-09-25,31.7,21.8,25.7,4.9,20.2,79,971.7,83,27.3,0.0,26.5,1.6666666666666679,26.1,12.5,1
2025-09-26,30.5,22.2,26.1,12.5,9.2,78,971.0,47,25.7,4.9,26.366666666666664,5.800000000000002,28.0,0.0,0
2025-09-27,33.2,23.5,28.0,0.0,13.5,71,970.3,51,26.1,12.5,26.600000000000005,5.800000000000002,28.0,0.0,0
2025-09-28,34.3,23.2,28.0,0.0,10.3,68,969.7,81,28.0,0.0,27.366666666666664,4.166666666666668,28.0,0.0,0
2025-09-29,33.8,23.4,28.0,0.0,12.0,66,969.8,57,28.0,0.0,28.0,0.0,28.2,0.0,0
2025-09-30,34.7,22.8,28.2,0.0,9.9,63,969.4,82,28.0,0.0,28.066666666666666,0.0,28.5,0.2,1
2025-10-01,34.4,22.8,28.5,0.2,12.6,66,969.1,60,28.2,0.0,28.233333333333334,0.06666666666666786,28.3,0.0,0
2025-10-02,33.0,23.5,28.3,0.0,16.1,63,970.6,17,28.5,0.2,28.333333333333332,0.06666666666666786,28.9,0.0,0
2025-10-03,35.3,23.9,28.9,0.0,12.3,63,969.4,3,28.3,0.0,28.566666666666663,0.06666666666666786,28.7,0.7,1
2025-10-04,34.5,23.4,28.7,0.7,11.0,66,968.7,10,28.9,0.0,28.63333333333333,0.2333333333333345,27.4,0.9,1
2025-10-05,33.0,23.6,27.4,0.9,23.7,65,969.6,86,28.7,0.7,28.333333333333332,0.5333333333333345,26.7,0.0,0
2025-10-06,31.7,23.0,26.7,0.0,17.6,72,971.0,82,27.4,0.9,27.599999999999998,0.5333333333333345,27.5,0.4,1
2025-10-07,33.5,22.1,27.5,0.4,12.8,70,970.2,46,26.7,0.0,27.2,0.4333333333333345,27.6,0.0,0
2025-10-08,33.8,21.9,27.6,0.0,10.1,64,969.2,27,27.5,0.4,27.26666666666667,0.13333333333333452,27.1,0.0,0
2025-10-09,32.2,22.0,27.1,0.0,11.4,66,970.1,65,27.6,0.0,27.400000000000002,0.13333333333333452,28.3,0.4,1
2025-10-10,32.7,24.9,28.3,0.4,12.6,64,969.8,82,27.1,0.0,27.666666666666668,0.13333333333333452,27.4,0.0,0
2025-10-11,33.5,22.5,27.4,0.0,12.1,67,968.9,50,28.3,0.4,27.599999999999998,0.13333333333333452,26.6,1.3,1
2025-10-12,32.2,22.0,26.6,1.3,10.3,74,968.1,64,27.4,0.0,27.433333333333334,0.5666666666666679,26.7,0.0,0
2025-10-13,33.3,20.9,26.7,0.0,13.1,68,968.6,70,26.6,1.3,26.900000000000002,0.4333333333333345,26.8,0.0,0
2025-10-14,33.1,21.5,26.8,0.0,9.0,67,969.5,75,26.7,0.0,26.7,0.43333333333333446,26.4,0.0,0
2025-10-15,33.7,19.8,26.4,0.0,14.3,57,969.1,30,26.8,0.0,26.633333333333336,0.0,25.7,0.0,0
2025-10-16,32.8,18.9,25.7,0.0,9.0,56,968.5,63,26.4,0.0,26.3,0.0,26.1,0.0,0
2025-10-17,33.0,19.6,26.1,0.0,11.6,55,969.3,24,25.7,0.0,26.066666666666666,0.0,25.9,0.0,0
2025-10-18,33.5,19.1,25.9,0.0,13.7,49,970.1,29,26.1,0.0,25.899999999999995,0.0,26.1,0.0,0
2025-10-19,33.9,19.4,26.1,0.0,14.4,42,969.9,64,25.9,0.0,26.03333333333333,0.0,25.7,0.0,0
2025-10-20,34.0,17.9,25.7,0.0,8.7,55,968.6,27,26.1,0.0,25.900000000000002,0.0,25.8,0.0,0
2025-10-21,33.8,18.8,25.8,0.0,10.3,58,968.4,33,25.7,0.0,25.866666666666664,0.0,26.2,0.0,0
2025-10-22,34.7,18.5,26.2,0.0,11.0,53,968.9,12,25.8,0.0,25.900000000000002,0.0,26.0,0.0,0
2025-10-23,34.5,18.8,26.0,0.0,14.7,46,969.2,63,26.2,0.0,26.0,0.0,25.4,0.0,0
2025-10-24,33.8,17.9,25.4,0.0,12.4,47,970.0,50,26.0,0.0,25.866666666666664,0.0,25.4,0.0,0
2025-10-25,33.6,17.4,25.4,0.0,9.4,50,969.8,45,25.4,0.0,25.599999999999998,0.0,25.2,0.0,0
2025-10-26,34.2,18.0,25.2,0.0,14.2,46,969.5,5,25.4,0.0,25.333333333333332,0.0,25.9,0.0,0
2025-10-27,34.8,18.5,25.9,0.0,17.6,39,969.1,52,25.2,0.0,25.5,0.0,26.1,0.0,0
2025-10-28,33.4,19.5,26.1,0.0,13.7,39,969.1,92,25.9,0.0,25.73333333333333,0.0,25.8,0.0,0
2025-10-29,34.0,17.4,25.8,0.0,13.9,42,969.8,57,26.1,0.0,25.933333333333334,0.0,25.6,0.0,0
2025-10-30,34.3,17.5,25.6,0.0,14.3,45,969.7,40,25.8,0.0,25.833333333333332,0.0,25.5,0.0,0
2025-10-31,34.0,17.8,25.5,0.0,11.3,42,970.4,44,25.6,0.0,25.633333333333336,0.0,25.6,0.0,0
2025-11-01,33.9,17.7,25.6,0.0,13.5,34,970.6,36,25.5,0.0,25.566666666666666,0.0,24.9,0.0,0
2025-11-02,33.2,17.2,24.9,0.0,11.9,33,970.1,22,25.6,0.0,25.333333333333332,0.0,25.2,0.0,0
2025-11-03,33.9,16.9,25.2,0.0,10.4,40,970.3,55,24.9,0.0,25.23333333333333,0.0,26.7,0.0,0
2025-11-04,34.8,18.5,26.7,0.0,14.5,38,971.0,27,25.2,0.0,25.599999999999998,0.0,26.7,0.0,0
2025-11-05,35.4,18.8,26.7,0.0,16.6,37,970.7,59,26.7,0.0,26.2,0.0,26.3,0.0,0
2025-11-06,34.4,18.5,26.3,0.0,12.5,29,969.6,30,26.7,0.0,26.566666666666666,0.0,25.8,0.0,0
2025-11-07,34.1,18.6,25.8,0.0,11.5,27,969.6,99,26.3,0.0,26.266666666666666,0.0,25.0,0.0,0
2025-11-08,33.9,17.3,25.0,0.0,10.3,28,970.0,67,25.8,0.0,25.7,0.0,25.3,0.0,0
2025-11-09,34.0,16.8,25.3,0.0,13.3,35,970.3,49,25.0,0.0,25.36666666666667,0.0,25.9,0.0,0
2025-11-10,34.3,18.5,25.9,0.0,16.5,40,970.3,62,25.3,0.0,25.400000000000002,0.0,26.4,0.0,0
2025-11-11,33.9,20.9,26.4,0.0,15.8,30,969.7,36,25.9,0.0,25.866666666666664,0.0,25.1,0.0,0
2025-11-12,32.2,20.0,25.1,0.0,19.5,28,970.0,50,26.4,0.0,25.8,0.0,24.5,0.0,0
2025-11-13,33.0,17.5,24.5,0.0,15.7,33,971.4,55,25.1,0.0,25.333333333333332,0.0,25.3,0.0,0
2025-11-14,33.0,18.9,25.3,0.0,13.7,32,972.0,45,24.5,0.0,24.96666666666667,0.0,25.1,0.0,0
2025-11-15,32.0,19.5,25.1,0.0,16.7,28,971.8,17,25.3,0.0,24.96666666666667,0.0,23.1,0.0,0
2025-11-16,30.4,18.0,23.1,0.0,18.7,30,971.9,93,25.1,0.0,24.5,0.0,22.3,0.0,0
2025-11-17,29.9,16.5,22.3,0.0,15.5,30,972.4,41,23.1,0.0,23.5,0.0,22.7,0.0,0
2025-11-18,30.9,15.9,22.7,0.0,11.6,32,970.9,34,22.3,0.0,22.7,0.0,24.3,0.0,0
2025-11-19,32.1,17.0,24.3,0.0,10.2,33,970.0,25,22.7,0.0,23.099999999999998,0.0,24.8,0.0,0
2025-11-20,33.2,16.9,24.8,0.0,9.6,34,969.7,8,24.3,0.0,23.933333333333337,0.0,25.1,0.0,0
2025-11-21,33.4,17.3,25.1,0.0,9.4,34,970.0,32,24.8,0.0,24.733333333333334,0.0,23.7,0.0,0
2025-11-22,32.2,16.8,23.7,0.0,10.2,30,970.3,85,25.1,0.0,24.533333333333335,0.0,23.3,0.0,0
2025-11-23,31.6,15.6,23.3,0.0,10.0,28,970.7,88,23.7,0.0,24.03333333333333,0.0,23.2,0.0,0
2025-11-24,31.9,15.1,23.2,0.0,12.2,28,970.8,43,23.3,0.0,23.400000000000002,0.0,24.1,0.0,0
2025-11-25,32.8,17.4,24.1,0.0,12.7,32,969.8,1,23.2,0.0,23.53333333333333,0.0,24.9,0.0,0
2025-11-26,33.7,18.0,24.9,0.0,10.9,36,969.0,0,24.1,0.0,24.066666666666666,0.0,25.5,0.0,0
2025-11-27,34.3,18.1,25.5,0.0,11.4,38,968.8,0,24.9,0.0,24.833333333333332,0.0,26.0,0.0,0
2025-11-28,34.8,18.6,26.0,0.0,13.5,33,969.1,0,25.5,0.0,25.46666666666667,0.0,25.7,0.0,0
2025-11-29,34.3,18.3,25.7,0.0,14.7,29,967.7,44,26.0,0.0,25.73333333333333,0.0,25.6,0.0,0
2025-11-30,33.5,19.4,25.6,0.0,14.3,27,967.7,3,25.7,0.0,25.766666666666666,0.0,24.9,0.0,0
2025-12-01,32.5,19.2,24.9,0.0,13.5,30,967.4,10,25.6,0.0,25.399999999999995,0.0,24.4,0.0,0
2025-12-02,32.7,17.9,24.4,0.0,10.0,33,967.0,55,24.9,0.0,24.96666666666667,0.0,25.3,0.0,0
2025-12-03,34.5,16.9,25.3,0.0,8.9,37,967.2,8,24.4,0.0,24.866666666666664,0.0,25.8,0.0,0
2025-12-04,34.4,17.5,25.8,0.0,9.3,37,968.0,58,25.3,0.0,25.166666666666668,0.0,25.4,0.0,0
2025-12-05,33.2,19.0,25.4,0.0,14.8,33,968.9,37,25.8,0.0,25.5,0.0,23.9,0.0,0
2025-12-06,31.0,17.8,23.9,0.0,13.0,27,970.2,59,25.4,0.0,25.03333333333333,0.0,22.2,0.0,0
2025-12-07,29.1,16.5,22.2,0.0,14.2,21,971.0,75,23.9,0.0,23.833333333333332,0.0,22.0,0.0,0
2025-12-08,29.2,15.5,22.0,0.0,14.6,24,972.0,72,22.2,0.0,22.7,0.0,22.0,0.0,0
2025-12-09,29.0,16.0,22.0,0.0,13.3,27,972.6,68,22.0,0.0,22.066666666666666,0.0,21.6,0.0,0
2025-12-10,28.9,16.0,21.6,0.0,11.4,31,971.7,96,22.0,0.0,21.866666666666664,0.0,22.1,0.0,0
2025-12-11,29.7,15.8,22.1,0.0,10.7,35,970.7,98,21.6,0.0,21.900000000000002,0.0,23.4,0.0,0
2025-12-12,31.6,16.2,23.4,0.0,11.1,38,969.6,65,22.1,0.0,22.366666666666664,0.0,24.7,0.0,0
2025-12-13,33.2,18.0,24.7,0.0,12.5,35,969.4,71,23.4,0.0,23.400000000000002,0.0,25.8,0.0,0
2025-12-14,33.5,19.6,25.8,0.0,18.8,26,969.7,72,24.7,0.0,24.63333333333333,0.0,23.9,0.0,0
2025-12-15,30.9,18.5,23.9,0.0,17.6,25,970.4,85,25.8,0.0,24.8,0.0,22.6,0.0,0
2025-12-16,29.5,17.0,22.6,0.0,16.0,27,970.9,87,23.9,0.0,24.099999999999998,0.0,20.9,0.0,0
2025-12-17,28.2,14.9,20.9,0.0,13.8,32,970.4,74,22.6,0.0,22.46666666666667,0.0,21.4,0.0,0
2025-12-18,29.6,14.4,21.4,0.0,13.3,35,971.1,66,20.9,0.0,21.63333333333333,0.0,21.9,0.0,0
2025-12-19,30.9,14.8,21.9,0.0,12.0,34,970.5,25,21.4,0.0,21.400000000000002,0.0,22.1,0.0,0
2025-12-20,31.5,13.9,22.1,0.0,9.1,32,968.8,8,21.9,0.0,21.799999999999997,0.0,22.2,0.0,0
2025-12-21,31.0,13.8,22.2,0.0,11.7,29,967.8,35,22.1,0.0,22.066666666666666,0.0,22.2,0.0,0
2025-12-22,31.6,12.9,22.2,0.0,9.9,30,967.8,9,22.2,0.0,22.166666666666668,0.0,23.7,0.0,0
2025-12-23,33.0,14.8,23.7,0.0,10.4,30,968.3,26,22.2,0.0,22.7,0.0,24.7,0.0,0
2025-12-24,34.0,16.5,24.7,0.0,8.7,32,968.4,50,23.7,0.0,23.53333333333333,0.0,25.7,0.0,0
2025-12-25,34.7,16.4,25.7,0.0,8.5,35,968.7,56,24.7,0.0,24.7,0.0,25.6,0.0,0
2025-12-26,34.9,17.0,25.6,0.0,10.0,36,969.2,46,25.7,0.0,25.333333333333332,0.0,25.8,0.0,0
2025-12-27,35.0,16.9,25.8,0.0,11.5,32,969.0,41,25.6,0.0,25.7,0.0,25.5,0.0,0
2025-12-28,35.1,17.0,25.5,0.0,10.4,35,969.1,27,25.8,0.0,25.633333333333336,0.0,25.5,0.0,0
2025-12-29,35.2,17.4,25.5,0.0,13.0,32,970.6,7,25.5,0.0,25.599999999999998,0.0,25.9,0.0,0
2025-12-30,35.0,18.5,25.9,0.0,11.3,29,971.1,10,25.5,0.0,25.633333333333336,0.0,25.7,0.0,0
2025-12-31,35.2,16.9,25.7,0.0,12.8,29,970.6,9,25.9,0.0,25.7,0.0,25.4,0.0,0
2026-01-01,35.2,16.9,25.4,0.0,13.3,31,968.9,5,25.7,0.0,25.666666666666668,0.0,24.9,0.0,0
2026-01-02,33.4,18.5,24.9,0.0,14.7,27,970.0,36,25.4,0.0,25.333333333333332,0.0,24.4,0.0,0
2026-01-03,32.4,17.9,24.4,0.0,12.2,25,971.3,21,24.9,0.0,24.899999999999995,0.0,24.1,0.0,0
2026-01-04,32.4,17.5,24.1,0.0,14.1,26,971.4,13,24.4,0.0,24.46666666666667,0.0,24.0,0.0,0
2026-01-05,32.2,17.6,24.0,0.0,15.7,22,971.5,55,24.1,0.0,24.166666666666668,0.0,23.4,0.0,0
2026-01-06,32.0,16.4,23.4,0.0,11.2,20,970.0,16,24.0,0.0,23.833333333333332,0.0,23.7,0.0,0
2026-01-07,32.6,16.4,23.7,0.0,10.2,27,969.6,5,23.4,0.0,23.7,0.0,24.2,0.0,0
2026-01-08,33.3,16.6,24.2,0.0,16.3,22,971.4,58,23.7,0.0,23.766666666666666,0.0,22.9,0.0,0
2026-01-09,30.5,16.7,22.9,0.0,16.1,20,972.5,9,24.2,0.0,23.599999999999998,0.0,21.5,0.0,0
2026-01-10,28.8,15.9,21.5,0.0,16.3,30,971.5,1,22.9,0.0,22.866666666666664,0.0,22.0,0.0,0
2026-01-11,30.2,15.4,22.0,0.0,16.8,30,971.2,67,21.5,0.0,22.133333333333336,0.0,21.9,0.0,0
2026-01-12,30.9,14.4,21.9,0.0,11.8,31,970.6,16,22.0,0.0,21.8,0.0,22.8,0.0,0
2026-01-13,30.4,16.5,22.8,0.0,13.7,24,970.5,4,21.9,0.0,22.233333333333334,0.0,22.0,0.0,0
2026-01-14,28.8,16.2,22.0,0.0,16.6,24,970.7,52,22.8,0.0,22.233333333333334,0.0,22.4,0.0,0
2026-01-15,30.6,16.9,22.4,0.0,13.3,29,970.6,40,22.0,0.0,22.400000000000002,0.0,22.9,0.0,0
2026-01-16,32.0,15.9,22.9,0.0,10.6,27,970.2,45,22.4,0.0,22.433333333333334,0.0,23.6,0.0,0
2026-01-17,33.3,15.9,23.6,0.0,11.5,27,968.7,44,22.9,0.0,22.96666666666667,0.0,24.3,0.0,0
2026-01-18,33.8,15.9,24.3,0.0,10.4,27,967.5,50,23.6,0.0,23.599999999999998,0.0,24.7,0.0,0
2026-01-19,34.2,15.2,24.7,0.0,7.1,33,966.6,55,24.3,0.0,24.200000000000003,0.0,25.7,0.0,0
2026-01-20,34.5,17.1,25.7,0.0,8.3,34,966.7,10,24.7,0.0,24.899999999999995,0.0,25.1,0.0,0
2026-01-21,33.2,18.1,25.1,0.0,12.4,26,967.7,70,25.7,0.0,25.166666666666668,0.0,23.7,0.0,0
2026-01-22,30.8,18.0,23.7,0.0,13.2,23,969.7,93,25.1,0.0,24.833333333333332,0.0,23.2,0.0,0
2026-01-23,31.6,16.4,23.2,0.0,10.9,23,970.6,44,23.7,0.0,24.0,0.0,23.8,0.0,0
2026-01-24,31.8,17.2,23.8,0.0,11.8,20,971.2,58,23.2,0.0,23.566666666666666,0.0,24.0,0.0,0
2026-01-25,33.2,16.9,24.0,0.0,10.8,22,971.1,22,23.8,0.0,23.666666666666668,0.0,24.2,0.0,0
2026-01-26,31.7,17.0,24.2,0.0,18.7,15,971.4,13,24.0,0.0,24.0,0.0,23.1,0.0,0
2026-01-27,29.8,17.5,23.1,0.0,15.2,15,972.8,48,24.2,0.0,23.76666666666667,0.0,22.9,0.0,0
2026-01-28,31.0,16.4,22.9,0.0,14.7,15,972.5,29,23.1,0.0,23.400000000000002,0.0,23.0,0.0,0
2026-01-29,31.3,15.9,23.0,0.0,13.3,16,971.7,0,22.9,0.0,23.0,0.0,23.8,0.0,0
2026-01-30,32.8,15.8,23.8,0.0,11.2,19,970.9,53,23.0,0.0,23.233333333333334,0.0,24.4,0.0,0
2026-01-31,34.1,15.6,24.4,0.0,8.8,21,970.1,31,23.8,0.0,23.733333333333334,0.0,25.1,0.0,0
2026-02-01,34.4,15.6,25.1,0.0,9.9,24,969.5,32,24.4,0.0,24.433333333333334,0.0,25.5,0.0,0
2026-02-02,35.5,16.9,25.5,0.0,14.1,24,968.9,18,25.1,0.0,25.0,0.0,26.0,0.0,0
2026-02-03,35.6,18.6,26.0,0.0,13.9,20,969.2,55,25.5,0.0,25.53333333333333,0.0,27.5,0.0,0
2026-02-04,36.2,20.0,27.5,0.0,13.3,18,969.2,69,26.0,0.0,26.333333333333332,0.0,27.5,0.0,0
2026-02-05,35.8,20.8,27.5,0.0,13.2,19,968.5,88,27.5,0.0,27.0,0.0,26.9,0.0,0
2026-02-06,36.5,19.8,26.9,0.0,11.6,21,970.0,62,27.5,0.0,27.3,0.0,26.3,0.0,0
2026-02-07,35.5,18.5,26.3,0.0,10.0,23,970.9,42,26.9,0.0,26.900000000000002,0.0,26.1,0.0,0
2026-02-08,36.3,17.6,26.1,0.0,12.9,23,969.5,45,26.3,0.0,26.433333333333337,0.0,25.9,0.0,0
2026-02-09,36.2,17.5,25.9,0.0,9.6,20,968.3,68,26.1,0.0,26.099999999999998,0.0,25.8,0.0,0
2026-02-10,35.8,16.9,25.8,0.0,8.8,22,968.6,95,25.9,0.0,25.933333333333334,0.0,26.3,0.0,0
2026-02-11,36.0,17.8,26.3,0.0,12.7,21,969.9,75,25.8,0.0,26.0,0.0,25.9,0.0,0
2026-02-12,35.0,18.5,25.9,0.0,14.5,19,971.1,62,26.3,0.0,26.0,0.0,25.6,0.0,0
2026-02-13,34.4,17.5,25.6,0.0,12.2,21,970.0,43,25.9,0.0,25.933333333333337,0.0,26.8,0.0,0
2026-02-14,34.9,19.2,26.8,0.0,13.3,23,968.5,83,25.6,0.0,26.099999999999998,0.0,27.6,0.0,0
2026-02-15,36.8,19.1,27.6,0.0,13.7,23,968.8,23,26.8,0.0,26.666666666666668,0.0,25.8,0.0,0
2026-02-16,33.5,18.7,25.8,0.0,21.1,18,971.0,11,27.6,0.0,26.733333333333334,0.0,21.5,0.0,0
2026-02-17,28.6,15.4,21.5,0.0,19.5,14,972.5,0,25.8,0.0,24.96666666666667,0.0,21.0,0.0,0
2026-02-18,29.9,13.0,21.0,0.0,15.3,19,971.4,12,21.5,0.0,22.766666666666666,0.0,22.8,0.0,0
2026-02-19,31.2,16.2,22.8,0.0,17.6,17,970.9,59,21.0,0.0,21.766666666666666,0.0,24.1,0.0,0
2026-02-20,32.5,17.0,24.1,0.0,15.6,20,971.4,8,22.8,0.0,22.633333333333336,0.0,25.1,0.0,0
2026-02-21,33.2,18.6,25.1,0.0,17.7,19,971.2,0,24.1,0.0,24.0,0.0,25.0,0.0,0
2026-02-22,33.5,17.9,25.0,0.0,16.2,16,970.5,1,25.1,0.0,24.733333333333334,0.0,24.6,0.0,0
2026-02-23,31.9,18.4,24.6,0.0,19.3,15,970.1,1,25.0,0.0,24.900000000000002,0.0,23.9,0.0,0
2026-02-24,31.2,17.8,23.9,0.0,20.3,18,970.4,1,24.6,0.0,24.5,0.0,23.4,0.0,0
2026-02-25,30.5,17.5,23.4,0.0,18.5,20,971.2,53,23.9,0.0,23.96666666666667,0.0,23.6,0.0,0
2026-02-26,31.7,16.7,23.6,0.0,17.8,17,971.5,46,23.4,0.0,23.63333333333333,0.0,23.8,0.0,0
2026-02-27,31.5,17.2,23.8,0.0,18.3,16,971.4,83,23.6,0.0,23.600000000000005,0.0,22.8,0.0,0
2026-02-28,30.7,15.8,22.8,0.0,18.8,16,970.4,47,23.8,0.0,23.400000000000002,0.0,22.9,0.0,0
2026-03-01,31.5,15.7,22.9,0.0,22.2,17,969.6,60,22.8,0.0,23.166666666666668,0.0,23.4,0.0,0
2026-03-02,31.7,16.6,23.4,0.0,15.7,19,970.0,60,22.9,0.0,23.03333333333333,0.0,23.8,0.0,0
2026-03-03,32.1,17.1,23.8,0.0,15.5,15,971.0,4,23.4,0.0,23.366666666666664,0.0,23.7,0.0,0
2026-03-04,32.4,16.8,23.7,0.0,16.7,16,971.4,35,23.8,0.0,23.63333333333333,0.0,24.0,0.0,0
2026-03-05,32.7,16.9,24.0,0.0,13.0,15,970.8,61,23.7,0.0,23.833333333333332,0.0,24.7,0.0,0
2026-03-06,34.4,16.8,24.7,0.0,13.7,16,968.8,74,24.0,0.0,24.133333333333336,0.0,26.1,0.0,0
2026-03-07,35.7,18.2,26.1,0.0,16.0,17,968.1,95,24.7,0.0,24.933333333333334,0.0,26.8,0.0,0
2026-03-08,36.6,18.4,26.8,0.0,15.6,15,967.8,33,26.1,0.0,25.866666666666664,0.0,28.4,0.0,0
2026-03-09,37.4,21.0,28.4,0.0,18.6,13,967.8,54,26.8,0.0,27.099999999999998,0.0,28.2,0.0,0
2026-03-10,37.5,19.1,28.2,0.0,12.4,17,967.5,77,28.4,0.0,27.8,0.0,29.0,0.0,0
2026-03-11,38.1,19.2,29.0,0.0,8.6,19,966.6,99,28.2,0.0,28.53333333333333,0.0,30.5,0.0,0
2026-03-12,39.2,21.4,30.5,0.0,11.0,23,965.9,29,29.0,0.0,29.23333333333333,0.0,31.4,0.0,0
2026-03-13,39.3,24.1,31.4,0.0,16.9,32,965.3,60,30.5,0.0,30.3,0.0,30.3,0.0,0
2026-03-14,39.5,22.0,30.3,0.0,14.4,20,964.3,52,31.4,0.0,30.733333333333334,0.0,29.5,0.0,0
2026-03-15,37.6,21.6,29.5,0.0,13.4,19,965.3,79,30.3,0.0,30.400000000000002,0.0,30.0,0.0,0
2026-03-16,38.5,22.5,30.0,0.0,22.1,17,966.1,84,29.5,0.0,29.933333333333334,0.0,27.5,0.0,0
2026-03-17,35.3,20.0,27.5,0.0,19.6,10,966.7,61,30.0,0.0,29.0,0.0,27.0,0.0,0
2026-03-18,36.0,17.8,27.0,0.0,11.0,15,967.2,71,27.5,0.0,28.166666666666668,0.0,27.3,0.0,0
2026-03-19,35.2,20.5,27.3,0.0,14.4,16,968.3,19,27.0,0.0,27.26666666666667,0.0,27.8,0.0,0
2026-03-20,35.5,20.8,27.8,0.0,19.6,15,968.0,76,27.3,0.0,27.36666666666667,0.0,27.8,0.0,0
2026-03-21,35.8,20.1,27.8,0.0,18.7,14,967.1,35,27.8,0.0,27.633333333333336,0.0,28.9,0.0,0
2026-03-22,37.4,20.2,28.9,0.0,17.6,15,966.2,26,27.8,0.0,28.166666666666668,0.0,29.0,0.0,0
2026-03-23,37.8,20.4,29.0,0.0,19.6,16,966.4,79,28.9,0.0,28.566666666666666,0.0,30.4,0.0,0
2026-03-24,39.2,21.0,30.4,0.0,18.6,19,966.3,77,29.0,0.0,29.433333333333334,0.0,31.8,0.0,0
2026-03-25,40.0,23.6,31.8,0.0,19.5,23,965.5,74,30.4,0.0,30.400000000000002,0.0,30.3,0.0,0
2026-03-26,36.2,24.8,30.3,0.0,9.8,28,966.4,92,31.8,0.0,30.833333333333332,0.0,30.8,0.0,0
2026-03-27,38.5,24.7,30.8,0.0,12.7,24,966.6,77,30.3,0.0,30.96666666666667,0.0,31.3,0.0,0
2026-03-28,39.8,24.2,31.3,0.0,15.7,22,966.1,32,30.8,0.0,30.8,0.0,30.9,0.0,0
2026-03-29,39.0,23.2,30.9,0.0,15.7,28,964.6,78,31.3,0.0,31.0,0.0,32.2,0.0,0
2026-03-30,38.3,27.4,32.2,0.0,21.1,33,964.4,65,30.9,0.0,31.46666666666667,0.0,31.2,0.0,0
2026-03-31,36.8,26.3,31.2,0.0,22.6,34,966.0,89,32.2,0.0,31.433333333333334,0.0,29.3,0.0,0
2026-04-01,35.5,24.6,29.3,0.0,14.5,19,966.7,55,31.2,0.0,30.900000000000002,0.0,28.7,0.0,0
2026-04-02,35.0,23.0,28.7,0.0,13.3,13,968.3,77,29.3,0.0,29.733333333333334,0.0,29.4,0.0,0
2026-04-03,36.7,23.1,29.4,0.0,20.0,20,969.2,77,28.7,0.0,29.13333333333333,0.0,30.3,0.0,0
2026-04-04,36.8,23.6,30.3,0.0,16.2,23,970.1,91,29.4,0.0,29.46666666666667,0.0,31.4,0.0,0
2026-04-05,36.6,27.2,31.4,0.0,16.1,28,969.3,93,30.3,0.0,30.366666666666664,0.0,32.3,0.0,0
2026-04-06,39.2,25.3,32.3,0.0,14.8,22,968.5,41,31.4,0.0,31.333333333333332,0.0,33.3,0.0,0
2026-04-07,40.0,27.6,33.3,0.0,23.9,17,968.7,63,32.3,0.0,32.333333333333336,0.0,31.8,0.0,0
2026-04-08,38.7,25.5,31.8,0.0,23.2,17,969.0,93,33.3,0.0,32.46666666666666,0.0,31.8,0.0,0
2026-04-09,38.3,26.4,31.8,0.0,23.8,14,969.1,68,31.8,0.0,32.3,0.0,31.8,0.0,0
2026-04-10,38.9,25.1,31.8,0.0,21.2,12,969.3,73,31.8,0.0,31.8,0.0,30.5,0.0,0
2026-04-11,38.5,22.8,30.5,0.0,16.6,10,968.2,64,31.8,0.0,31.36666666666667,0.0,30.5,0.0,0
2026-04-12,38.9,23.0,30.5,0.0,10.8,15,966.5,66,30.5,0.0,30.933333333333334,0.0,30.5,0.0,0
2026-04-13,39.4,21.8,30.5,0.0,9.1,18,964.8,16,30.5,0.0,30.5,0.0,32.2,0.0,0
2026-04-14,40.0,24.6,32.2,0.0,16.2,29,964.4,56,30.5,0.0,31.066666666666666,0.0,33.5,0.0,0
2026-04-15,39.9,27.5,33.5,0.0,18.4,31,964.7,70,32.2,0.0,32.06666666666667,0.0,33.7,0.0,0
2026-04-16,40.3,27.3,33.7,0.0,18.9,21,963.5,83,33.5,0.0,33.13333333333333,0.0,32.3,0.0,0
2026-04-17,39.2,24.8,32.3,0.0,13.7,15,964.0,50,33.7,0.0,33.166666666666664,0.0,31.8,0.0,0
2026-04-18,39.2,25.0,31.8,0.0,12.7,14,964.5,84,32.3,0.0,32.6,0.0,31.3,0.0,0
2026-04-19,38.8,23.6,31.3,0.0,17.8,12,965.8,89,31.8,0.0,31.8,0.0,32.2,0.0,0
2026-04-20,39.8,24.9,32.2,0.0,21.1,11,966.1,79,31.3,0.0,31.76666666666667,0.0,31.7,0.0,0
2026-04-21,38.8,24.2,31.7,0.0,22.4,12,965.9,79,32.2,0.0,31.733333333333334,0.0,32.3,0.0,0
2026-04-22,39.9,24.5,32.3,0.0,19.5,14,965.8,67,31.7,0.0,32.06666666666666,0.0,33.3,0.0,0
2026-04-23,41.1,25.5,33.3,0.0,18.3,12,964.7,36,32.3,0.0,32.43333333333333,0.0,32.1,0.0,0
2026-04-24,39.3,24.5,32.1,0.0,20.9,25,964.0,70,33.3,0.0,32.56666666666666,0.0,32.6,0.0,0
2026-04-25,38.7,26.2,32.6,0.0,17.9,35,965.1,89,32.1,0.0,32.666666666666664,0.0,33.2,0.0,0
2026-04-26,39.7,26.3,33.2,0.0,14.0,36,967.4,86,32.6,0.0,32.63333333333333,0.0,32.7,0.0,0
2026-04-27,39.0,27.1,32.7,0.0,16.6,39,968.7,62,33.2,0.0,32.833333333333336,0.0,32.4,0.0,0
2026-04-28,40.2,24.6,32.4,0.0,21.7,31,967.1,53,32.7,0.0,32.766666666666666,0.0,32.9,0.0,0
2026-04-29,40.3,24.5,32.9,0.0,17.1,15,966.7,51,32.4,0.0,32.666666666666664,0.0,32.9,0.0,0
2026-04-30,39.8,26.0,32.9,0.0,17.6,24,968.3,82,32.9,0.0,32.73333333333333,0.0,31.9,0.0,0
2026-05-01,40.6,23.3,31.9,0.0,12.3,12,967.4,41,32.9,0.0,32.56666666666666,0.0,32.4,0.0,0
2026-05-02,41.2,22.2,32.4,0.0,12.3,15,965.9,17,31.9,0.0,32.4,0.0,32.8,0.0,0
2026-05-03,40.5,25.4,32.8,0.0,15.9,31,966.3,39,32.4,0.0,32.36666666666666,0.0,33.5,0.0,0
2026-05-04,40.2,26.5,33.5,0.0,16.2,37,967.3,96,32.8,0.0,32.9,0.0,34.1,0.0,0
2026-05-05,41.3,26.3,34.1,0.0,13.7,29,966.0,41,33.5,0.0,33.46666666666666,0.0,33.6,0.0,0
2026-05-06,41.2,26.7,33.6,0.0,14.6,29,965.3,40,34.1,0.0,33.733333333333334,0.0,33.3,0.0,0
2026-05-07,40.0,26.8,33.3,0.0,21.1,36,966.1,25,33.6,0.0,33.666666666666664,0.0,33.6,0.0,0
2026-05-08,41.7,25.8,33.6,0.0,24.5,30,966.9,36,33.3,0.0,33.5,0.0,32.1,0.0,0
2026-05-09,40.5,24.3,32.1,0.0,17.1,25,967.5,29,33.6,0.0,33.0,0.0,31.4,0.0,0
2026-05-10,40.2,22.6,31.4,0.0,13.0,17,968.0,18,32.1,0.0,32.36666666666667,0.0,31.9,0.0,0
2026-05-11,41.3,22.2,31.9,0.0,22.0,15,968.0,0,31.4,0.0,31.799999999999997,0.0,32.8,0.0,0
2026-05-12,41.0,24.6,32.8,0.0,13.9,17,968.5,0,31.9,0.0,32.03333333333333,0.0,33.7,0.0,0
2026-05-13,41.7,25.5,33.7,0.0,17.4,21,967.5,3,32.8,0.0,32.79999999999999,0.0,33.4,0.0,0
2026-05-14,41.6,24.4,33.4,0.0,11.0,18,966.1,0,33.7,0.0,33.3,0.0,34.0,0.0,0
2026-05-15,40.6,27.8,34.0,0.0,21.7,30,966.6,67,33.4,0.0,33.699999999999996,0.0,33.6,0.0,0
2026-05-16,39.7,27.6,33.6,0.0,20.3,39,967.4,64,34.0,0.0,33.666666666666664,0.0,33.0,0.5,1
2026-05-17,40.8,28.2,33.0,0.5,26.8,44,967.9,32,33.6,0.0,33.53333333333333,0.16666666666666785,32.1,0.0,0
2026-05-18,38.7,26.4,32.1,0.0,16.7,41,968.6,69,33.0,0.5,32.9,0.16666666666666785,32.2,0.0,0
2026-05-19,38.2,26.0,32.2,0.0,17.8,44,969.7,73,32.1,0.0,32.43333333333333,0.16666666666666785,32.9,0.0,0
2026-05-20,39.4,27.0,32.9,0.0,16.1,41,968.8,35,32.2,0.0,32.4,0.0,31.2,3.4,1
2026-05-21,38.3,25.1,31.2,3.4,20.0,56,968.9,44,32.9,0.0,32.1,1.1333333333333344,29.9,1.4,1
2026-05-22,36.9,25.5,29.9,1.4,10.6,53,970.4,74,31.2,3.4,31.333333333333332,1.6000000000000012,31.1,0.1,1
2026-05-23,36.6,26.4,31.1,0.1,12.1,49,970.1,56,29.9,1.4,30.73333333333333,1.6333333333333344,32.4,1.8,1
2026-05-24,38.7,26.6,32.4,1.8,20.9,46,968.7,37,31.1,0.1,31.13333333333333,1.1000000000000012,31.1,3.0,1
2026-05-25,34.9,26.6,31.1,3.0,16.0,55,969.8,93,32.4,1.8,31.53333333333333,1.6333333333333346,32.2,0.0,0
